{
  "decision": "GO",
  "domains": {
    "blog_mixed": {
      "gates": {
        "cross_oracle_excess_le_0p02": true,
        "cross_public_ci_excludes_zero": true,
        "cross_public_effect_ge_0p02": true,
        "cross_random_ci_excludes_zero": true,
        "global_oracle_excess_le_0p02": true,
        "global_public_ci_excludes_zero": true,
        "global_public_effect_ge_0p02": true,
        "global_random_ci_excludes_zero": true
      },
      "metrics": {
        "cross": {
          "dp_block_counts_ideal_secagg": {
            "mean": 0.6070285398873394,
            "std": 0.01568359488092971
          },
          "dp_block_counts_visible_messages": {
            "mean": 0.6067218328628537,
            "std": 0.014907207766052921
          },
          "nonprivate_counts": {
            "mean": 0.6068818178704914,
            "std": 0.014959937155591099
          },
          "nonprivate_oracle": {
            "mean": 0.6066747018011166,
            "std": 0.01094343064485766
          },
          "paired_vs_nonprivate_oracle": {
            "ci95_high": 0.004000773444118834,
            "ci95_low": -0.003293097271673459,
            "mean_difference": 0.0003538380862226872,
            "n": 30
          },
          "paired_vs_public_only": {
            "ci95_high": 0.11288489046230639,
            "ci95_low": 0.10117218931237225,
            "mean_difference": 0.10702853988733932,
            "n": 30
          },
          "paired_vs_random": {
            "ci95_high": 0.1108110495146882,
            "ci95_low": 0.09902750720958114,
            "mean_difference": 0.10491927836213467,
            "n": 30
          },
          "public_only": {
            "mean": 0.5,
            "std": 0.0
          },
          "random": {
            "mean": 0.5021092615252045,
            "std": 0.015482949850643348
          }
        },
        "global": {
          "dp_block_counts_ideal_secagg": {
            "mean": 0.6074113789279554,
            "std": 0.012061023481639593
          },
          "dp_block_counts_visible_messages": {
            "mean": 0.6071658397019627,
            "std": 0.01242482904765751
          },
          "nonprivate_counts": {
            "mean": 0.6071686354035268,
            "std": 0.011992214420567023
          },
          "nonprivate_oracle": {
            "mean": 0.6062020170066132,
            "std": 0.009883330085363793
          },
          "paired_vs_nonprivate_oracle": {
            "ci95_high": 0.004147194598286172,
            "ci95_low": -0.0017284707556018378,
            "mean_difference": 0.001209361921342167,
            "n": 30
          },
          "paired_vs_public_only": {
            "ci95_high": 0.11191503911158328,
            "ci95_low": 0.10290771874432773,
            "mean_difference": 0.1074113789279555,
            "n": 30
          },
          "paired_vs_random": {
            "ci95_high": 0.11058014498869394,
            "ci95_low": 0.10010373307032548,
            "mean_difference": 0.10534193902950971,
            "n": 30
          },
          "public_only": {
            "mean": 0.5,
            "std": 0.0
          },
          "random": {
            "mean": 0.5020694398984459,
            "std": 0.014114137013816568
          }
        },
        "intra": {
          "dp_block_counts_ideal_secagg": {
            "mean": 0.609567398198697,
            "std": 0.027348571960885564
          },
          "dp_block_counts_visible_messages": {
            "mean": 0.6099389129465969,
            "std": 0.029059388367860057
          },
          "nonprivate_counts": {
            "mean": 0.6091082781755844,
            "std": 0.02803476149682116
          },
          "nonprivate_oracle": {
            "mean": 0.604891931274119,
            "std": 0.021737726903641393
          },
          "paired_vs_nonprivate_oracle": {
            "ci95_high": 0.010365392583132358,
            "ci95_low": -0.0010144587339767329,
            "mean_difference": 0.004675466924577812,
            "n": 30
          },
          "paired_vs_public_only": {
            "ci95_high": 0.11977952280046208,
            "ci95_low": 0.09935527359693172,
            "mean_difference": 0.1095673981986969,
            "n": 30
          },
          "paired_vs_random": {
            "ci95_high": 0.12467357381229632,
            "ci95_low": 0.09028147198237724,
            "mean_difference": 0.10747752289733678,
            "n": 30
          },
          "public_only": {
            "mean": 0.5,
            "std": 0.0
          },
          "random": {
            "mean": 0.5020898753013602,
            "std": 0.033235707953052446
          }
        }
      },
      "n": 30,
      "pass": true
    },
    "social_assortative": {
      "gates": {
        "cross_oracle_excess_le_0p02": true,
        "cross_public_ci_excludes_zero": true,
        "cross_public_effect_ge_0p02": true,
        "cross_random_ci_excludes_zero": true,
        "global_oracle_excess_le_0p02": true,
        "global_public_ci_excludes_zero": true,
        "global_public_effect_ge_0p02": true,
        "global_random_ci_excludes_zero": true
      },
      "metrics": {
        "cross": {
          "dp_block_counts_ideal_secagg": {
            "mean": 0.7405150028035418,
            "std": 0.018343750969489064
          },
          "dp_block_counts_visible_messages": {
            "mean": 0.7396614243246945,
            "std": 0.019441100305439492
          },
          "nonprivate_counts": {
            "mean": 0.7405318735703567,
            "std": 0.01810689162858335
          },
          "nonprivate_oracle": {
            "mean": 0.7412218535545189,
            "std": 0.016080551501606533
          },
          "paired_vs_nonprivate_oracle": {
            "ci95_high": 0.0020625698452962377,
            "ci95_low": -0.003476271347251079,
            "mean_difference": -0.0007068507509774206,
            "n": 30
          },
          "paired_vs_public_only": {
            "ci95_high": 0.24736467198671114,
            "ci95_low": 0.233665333620372,
            "mean_difference": 0.24051500280354157,
            "n": 30
          },
          "paired_vs_random": {
            "ci95_high": 0.24747132702399166,
            "ci95_low": 0.23193617015304008,
            "mean_difference": 0.23970374858851587,
            "n": 30
          },
          "public_only": {
            "mean": 0.5,
            "std": 0.0
          },
          "random": {
            "mean": 0.5008112542150258,
            "std": 0.011309187510234502
          }
        },
        "global": {
          "dp_block_counts_ideal_secagg": {
            "mean": 0.7417547454614499,
            "std": 0.016248056883299136
          },
          "dp_block_counts_visible_messages": {
            "mean": 0.7408866143892134,
            "std": 0.017098906723311255
          },
          "nonprivate_counts": {
            "mean": 0.7417893862526082,
            "std": 0.015994312956067663
          },
          "nonprivate_oracle": {
            "mean": 0.7423417910381928,
            "std": 0.013555012811138308
          },
          "paired_vs_nonprivate_oracle": {
            "ci95_high": 0.0019358105386054131,
            "ci95_low": -0.003109901692091425,
            "mean_difference": -0.000587045576743006,
            "n": 30
          },
          "paired_vs_public_only": {
            "ci95_high": 0.24782186961206842,
            "ci95_low": 0.23568762131083126,
            "mean_difference": 0.24175474546144984,
            "n": 30
          },
          "paired_vs_random": {
            "ci95_high": 0.24516513004356955,
            "ci95_low": 0.23128289895746157,
            "mean_difference": 0.23822401450051556,
            "n": 30
          },
          "public_only": {
            "mean": 0.5,
            "std": 0.0
          },
          "random": {
            "mean": 0.5035307309609343,
            "std": 0.011684867160078109
          }
        },